time,temperature_2m,relative_humidity_2m,windspeed_10m,precipitation,cloudcover,weathercode,city
2026-03-20T00:00,21.8,83,3.6,0.0,9,1,Pune
2026-03-20T01:00,21.1,84,3.0,0.0,7,1,Pune
2026-03-20T02:00,20.4,85,2.6,0.0,0,0,Pune
2026-03-20T03:00,19.7,87,2.6,0.0,7,1,Pune
2026-03-20T04:00,19.0,88,3.2,0.0,3,0,Pune
2026-03-20T05:00,17.9,95,3.7,0.0,40,0,Pune
2026-03-20T06:00,17.1,99,4.5,0.0,58,45,Pune
2026-03-20T07:00,17.7,98,4.0,0.0,63,45,Pune
2026-03-20T08:00,20.9,85,2.5,0.0,4,0,Pune
2026-03-20T09:00,26.3,53,1.1,0.0,0,0,Pune
2026-03-20T10:00,30.0,35,1.0,0.0,0,0,Pune
2026-03-20T11:00,31.7,28,6.0,0.0,0,0,Pune
2026-03-20T12:00,33.2,24,10.1,0.0,0,0,Pune
2026-03-20T13:00,33.7,22,13.7,0.0,65,2,Pune
2026-03-20T14:00,33.6,23,15.5,0.0,67,2,Pune
2026-03-20T15:00,33.0,27,15.9,0.0,4,0,Pune
2026-03-20T16:00,32.4,28,14.6,0.0,0,0,Pune
2026-03-20T17:00,32.2,28,9.7,0.0,3,1,Pune
2026-03-20T18:00,30.2,39,12.1,0.0,19,1,Pune
2026-03-20T19:00,27.8,57,10.8,0.0,0,0,Pune
2026-03-20T20:00,26.2,63,6.3,0.0,10,1,Pune
2026-03-20T21:00,25.1,68,3.2,0.0,0,0,Pune
2026-03-20T22:00,24.2,71,3.0,0.0,0,0,Pune
2026-03-20T23:00,23.5,74,2.6,0.0,0,0,Pune
2026-03-21T00:00,22.4,77,2.9,0.0,0,0,Pune
2026-03-21T01:00,21.7,80,2.9,0.0,0,0,Pune
2026-03-21T02:00,20.9,83,3.0,0.0,0,0,Pune
2026-03-21T03:00,20.4,85,1.4,0.0,0,0,Pune
2026-03-21T04:00,20.0,86,1.1,0.0,0,0,Pune
2026-03-21T05:00,19.8,87,2.6,0.0,0,0,Pune
2026-03-21T06:00,19.6,87,3.1,0.0,0,0,Pune
2026-03-21T07:00,20.1,85,2.8,0.0,0,0,Pune
2026-03-21T08:00,23.3,72,2.2,0.0,0,0,Pune
2026-03-21T09:00,26.2,57,6.5,0.0,0,0,Pune
2026-03-21T10:00,28.5,44,8.4,0.0,0,0,Pune
2026-03-21T11:00,30.6,34,7.2,0.0,0,0,Pune
2026-03-21T12:00,32.4,26,4.3,0.0,0,0,Pune
2026-03-21T13:00,33.5,21,3.5,0.0,0,0,Pune
2026-03-21T14:00,34.3,20,5.9,0.0,0,0,Pune
2026-03-21T15:00,34.4,20,7.6,0.0,22,1,Pune
2026-03-21T16:00,33.8,22,8.2,0.0,36,1,Pune
2026-03-21T17:00,33.0,25,7.4,0.0,42,1,Pune
2026-03-21T18:00,31.8,27,8.0,0.0,35,1,Pune
2026-03-21T19:00,29.1,41,9.9,0.0,0,0,Pune
2026-03-21T20:00,27.1,56,6.5,0.0,0,0,Pune
2026-03-21T21:00,25.9,60,3.7,0.0,0,0,Pune
2026-03-21T22:00,25.0,63,3.1,0.0,0,0,Pune
2026-03-21T23:00,24.3,65,2.6,0.0,0,0,Pune
2026-03-22T00:00,23.4,68,2.5,0.0,0,0,Pune
2026-03-22T01:00,22.7,69,2.3,0.0,0,0,Pune
2026-03-22T02:00,22.4,70,1.5,0.0,0,0,Pune
2026-03-22T03:00,22.4,69,2.2,0.0,0,0,Pune
2026-03-22T04:00,22.0,69,2.6,0.0,0,0,Pune
2026-03-22T05:00,21.7,69,1.0,0.0,0,0,Pune
2026-03-22T06:00,21.4,69,1.4,0.0,0,0,Pune
2026-03-22T07:00,21.7,69,1.1,0.0,0,0,Pune
2026-03-22T08:00,25.0,58,2.2,0.0,0,0,Pune
2026-03-22T09:00,28.0,40,8.1,0.0,0,0,Pune
2026-03-22T10:00,30.4,34,11.4,0.0,0,0,Pune
2026-03-22T11:00,32.5,29,11.6,0.0,0,0,Pune
2026-03-22T12:00,34.1,25,10.4,0.0,0,0,Pune
2026-03-22T13:00,35.3,21,6.6,0.0,0,0,Pune
2026-03-22T14:00,35.9,19,2.7,0.0,0,0,Pune
2026-03-22T15:00,35.9,18,2.7,0.0,10,1,Pune
2026-03-22T16:00,35.7,18,4.7,0.0,29,1,Pune
2026-03-22T17:00,35.0,18,5.6,0.0,14,1,Pune
2026-03-22T18:00,33.5,20,4.2,0.0,15,1,Pune
2026-03-22T19:00,30.5,30,7.6,0.0,18,1,Pune
2026-03-22T20:00,28.7,45,5.8,0.0,6,1,Pune
2026-03-22T21:00,27.4,49,4.1,0.0,0,0,Pune
2026-03-22T22:00,26.5,51,3.4,0.0,0,0,Pune
2026-03-22T23:00,25.5,54,3.3,0.0,0,0,Pune
2026-03-23T00:00,24.6,56,3.1,0.0,0,0,Pune
2026-03-23T01:00,23.6,61,2.3,0.0,98,3,Pune
2026-03-23T02:00,23.7,58,2.1,0.0,0,0,Pune
2026-03-23T03:00,23.4,58,1.5,0.0,4,0,Pune
2026-03-23T04:00,23.3,57,1.6,0.0,21,1,Pune
2026-03-23T05:00,23.5,55,2.1,0.0,18,1,Pune
2026-03-23T06:00,23.7,52,3.0,0.0,13,1,Pune
2026-03-23T07:00,24.6,48,2.5,0.0,5,0,Pune
2026-03-23T08:00,27.0,40,3.1,0.0,20,1,Pune
2026-03-23T09:00,29.4,31,8.4,0.0,16,1,Pune
2026-03-23T10:00,31.7,28,10.4,0.0,0,0,Pune
2026-03-23T11:00,33.7,29,10.8,0.0,0,0,Pune
2026-03-23T12:00,35.3,28,10.1,0.0,0,0,Pune
2026-03-23T13:00,36.5,26,6.1,0.0,0,0,Pune
2026-03-23T14:00,36.9,23,3.1,0.0,57,2,Pune
2026-03-23T15:00,37.0,21,6.3,0.0,31,1,Pune
2026-03-23T16:00,36.7,20,5.5,0.0,23,1,Pune
2026-03-23T17:00,36.3,19,4.3,0.0,76,2,Pune
2026-03-23T18:00,33.9,27,14.0,0.0,78,2,Pune
2026-03-23T19:00,31.3,33,8.3,0.0,32,1,Pune
2026-03-23T20:00,30.0,35,5.4,0.0,45,2,Pune
2026-03-23T21:00,28.9,37,4.7,0.0,31,1,Pune
2026-03-23T22:00,27.6,41,3.7,0.0,14,1,Pune
2026-03-23T23:00,26.8,45,3.4,0.0,24,1,Pune
2026-03-24T00:00,26.2,47,2.8,0.0,19,1,Pune
2026-03-24T01:00,25.8,49,2.3,0.0,14,1,Pune
2026-03-24T02:00,25.4,50,2.1,0.0,9,1,Pune
2026-03-24T03:00,24.6,51,2.6,0.0,6,0,Pune
2026-03-24T04:00,23.8,53,3.1,0.0,3,0,Pune
2026-03-24T05:00,23.7,53,3.1,0.0,0,0,Pune
2026-03-24T06:00,24.4,53,2.9,0.0,0,0,Pune
2026-03-24T07:00,25.8,52,2.2,0.0,0,0,Pune
2026-03-24T08:00,27.5,49,1.8,0.0,0,0,Pune
2026-03-24T09:00,29.9,41,4.0,0.0,2,1,Pune
2026-03-24T10:00,32.7,31,7.8,0.0,5,1,Pune
2026-03-24T11:00,35.0,23,9.6,0.0,7,1,Pune
2026-03-24T12:00,36.6,19,8.2,0.0,5,0,Pune
2026-03-24T13:00,37.6,18,5.4,0.0,2,0,Pune
2026-03-24T14:00,37.8,19,4.0,0.0,0,0,Pune
2026-03-24T15:00,36.8,24,6.6,0.0,15,2,Pune
2026-03-24T16:00,35.0,32,11.3,0.0,30,2,Pune
2026-03-24T17:00,33.3,38,13.9,0.0,45,2,Pune
2026-03-24T18:00,31.9,41,12.2,0.0,44,1,Pune
2026-03-24T19:00,30.7,43,8.0,0.0,44,1,Pune
2026-03-24T20:00,29.5,45,4.7,0.0,43,1,Pune
2026-03-24T21:00,28.5,47,3.4,0.0,45,2,Pune
2026-03-24T22:00,27.5,48,3.6,0.0,47,2,Pune
2026-03-24T23:00,26.6,50,3.6,0.0,49,2,Pune
2026-03-25T00:00,25.7,54,3.4,0.0,58,2,Pune
2026-03-25T01:00,24.8,58,3.6,0.0,66,2,Pune
2026-03-25T02:00,24.2,62,3.7,0.0,75,2,Pune
2026-03-25T03:00,23.7,65,3.2,0.0,70,2,Pune
2026-03-25T04:00,23.4,66,2.7,0.0,65,2,Pune
2026-03-25T05:00,23.5,66,3.1,0.0,60,2,Pune
2026-03-25T06:00,24.3,63,3.1,0.0,40,0,Pune
2026-03-25T07:00,25.5,57,2.8,0.0,20,0,Pune
2026-03-25T08:00,27.3,51,2.3,0.0,0,0,Pune
2026-03-25T09:00,29.9,43,0.5,0.0,2,0,Pune
2026-03-25T10:00,33.0,33,3.0,0.0,4,0,Pune
2026-03-25T11:00,35.4,26,4.3,0.0,6,0,Pune
2026-03-25T12:00,36.7,22,4.8,0.0,37,3,Pune
2026-03-25T13:00,37.3,21,9.4,0.0,69,3,Pune
2026-03-25T14:00,37.3,22,13.0,0.0,100,3,Pune
2026-03-25T15:00,36.7,25,13.0,0.0,67,0,Pune
2026-03-25T16:00,35.4,31,11.2,0.0,33,0,Pune
2026-03-25T17:00,33.6,38,8.8,0.0,0,0,Pune
2026-03-25T18:00,31.1,48,6.4,0.8,5,80,Pune
2026-03-25T19:00,28.1,59,5.3,0.8,9,80,Pune
2026-03-25T20:00,25.8,68,5.4,0.8,14,80,Pune
2026-03-25T21:00,24.8,74,4.7,0.0,29,2,Pune
2026-03-25T22:00,24.5,79,3.1,0.0,44,2,Pune
2026-03-25T23:00,24.2,82,2.3,0.0,59,2,Pune
2026-03-26T00:00,23.7,85,1.9,0.0,42,1,Pune
2026-03-26T01:00,23.3,86,2.5,0.0,25,1,Pune
2026-03-26T02:00,22.8,88,3.1,0.0,8,1,Pune
2026-03-26T03:00,22.1,90,2.9,0.0,9,1,Pune
2026-03-26T04:00,21.4,92,3.1,0.0,10,1,Pune
2026-03-26T05:00,21.4,92,3.1,0.0,11,1,Pune
2026-03-26T06:00,22.4,90,2.5,0.0,7,0,Pune
2026-03-26T07:00,24.2,86,1.5,0.0,4,0,Pune
2026-03-26T08:00,26.4,79,0.5,0.0,0,0,Pune
2026-03-26T09:00,29.1,65,1.3,0.0,1,0,Pune
2026-03-26T10:00,32.3,48,3.7,0.0,2,0,Pune
2026-03-26T11:00,34.8,34,4.4,0.0,3,0,Pune
2026-03-26T12:00,36.2,27,2.3,0.0,5,1,Pune
2026-03-26T13:00,37.0,24,2.3,0.0,6,1,Pune
2026-03-26T14:00,37.3,24,5.0,0.0,8,1,Pune
2026-03-26T15:00,36.8,26,7.2,0.1,12,80,Pune
2026-03-26T16:00,35.8,30,9.1,0.1,16,80,Pune
2026-03-26T17:00,34.6,35,10.0,0.1,20,80,Pune
2026-03-26T18:00,33.3,41,8.5,0.0,13,0,Pune
2026-03-26T19:00,31.8,48,5.5,0.0,7,0,Pune
2026-03-26T20:00,30.4,55,3.3,0.0,0,0,Pune
2026-03-26T21:00,29.1,61,2.5,0.0,0,0,Pune
2026-03-26T22:00,27.9,66,2.2,0.0,0,0,Pune
2026-03-26T23:00,26.8,70,2.2,0.0,0,0,Pune
2026-03-20T00:00,27.0,70,8.6,0.0,52,2,Mumbai
2026-03-20T01:00,26.9,70,5.9,0.0,48,2,Mumbai
2026-03-20T02:00,26.7,70,4.0,0.0,49,2,Mumbai
2026-03-20T03:00,26.6,69,3.3,0.0,41,1,Mumbai
2026-03-20T04:00,26.4,70,3.2,0.0,31,1,Mumbai
2026-03-20T05:00,26.3,69,3.1,0.0,46,1,Mumbai
2026-03-20T06:00,26.2,71,4.0,0.0,37,1,Mumbai
2026-03-20T07:00,25.9,75,3.8,0.0,3,0,Mumbai
2026-03-20T08:00,25.8,76,3.5,0.0,1,0,Mumbai
2026-03-20T09:00,26.1,74,4.3,0.0,8,1,Mumbai
2026-03-20T10:00,26.5,72,6.6,0.0,28,1,Mumbai
2026-03-20T11:00,26.5,74,8.0,0.0,8,1,Mumbai
2026-03-20T12:00,26.6,75,9.2,0.0,23,1,Mumbai
2026-03-20T13:00,26.9,71,12.6,0.0,14,1,Mumbai
2026-03-20T14:00,27.0,70,14.1,0.0,9,1,Mumbai
2026-03-20T15:00,27.0,72,15.4,0.0,3,0,Mumbai
2026-03-20T16:00,27.1,74,16.9,0.0,5,0,Mumbai
2026-03-20T17:00,27.7,73,15.0,0.0,0,1,Mumbai
2026-03-20T18:00,27.5,76,15.5,0.0,9,1,Mumbai
2026-03-20T19:00,27.4,78,14.1,0.0,2,0,Mumbai
2026-03-20T20:00,27.1,82,13.7,0.0,21,1,Mumbai
2026-03-20T21:00,27.0,82,11.8,0.0,20,1,Mumbai
2026-03-20T22:00,26.9,82,9.6,0.0,20,1,Mumbai
2026-03-20T23:00,26.9,81,9.1,0.0,32,1,Mumbai
2026-03-21T00:00,26.7,80,9.4,0.0,31,1,Mumbai
2026-03-21T01:00,26.5,80,10.1,0.0,29,1,Mumbai
2026-03-21T02:00,26.3,79,10.5,0.0,6,0,Mumbai
2026-03-21T03:00,26.1,80,10.9,0.0,0,0,Mumbai
2026-03-21T04:00,26.0,79,11.0,0.0,0,0,Mumbai
2026-03-21T05:00,25.9,78,10.4,0.0,0,0,Mumbai
2026-03-21T06:00,25.8,77,9.9,0.0,0,0,Mumbai
2026-03-21T07:00,25.8,77,9.7,0.0,0,0,Mumbai
2026-03-21T08:00,25.9,75,10.4,0.0,0,0,Mumbai
2026-03-21T09:00,26.6,68,10.9,0.0,0,0,Mumbai
2026-03-21T10:00,27.8,62,10.9,0.0,0,0,Mumbai
2026-03-21T11:00,28.7,59,10.6,0.0,0,0,Mumbai
2026-03-21T12:00,28.3,66,13.3,0.0,0,0,Mumbai
2026-03-21T13:00,27.7,73,17.3,0.0,0,0,Mumbai
2026-03-21T14:00,27.8,71,18.9,0.0,0,0,Mumbai
2026-03-21T15:00,27.8,69,19.9,0.0,0,0,Mumbai
2026-03-21T16:00,27.8,67,20.6,0.0,0,0,Mumbai
2026-03-21T17:00,27.8,69,21.6,0.0,0,0,Mumbai
2026-03-21T18:00,27.8,69,19.5,0.0,0,0,Mumbai
2026-03-21T19:00,27.7,69,18.7,0.0,0,0,Mumbai
2026-03-21T20:00,27.7,70,17.7,0.0,0,0,Mumbai
2026-03-21T21:00,27.9,66,17.2,0.0,0,0,Mumbai
2026-03-21T22:00,27.9,65,13.2,0.0,0,0,Mumbai
2026-03-21T23:00,27.8,64,11.2,0.0,0,0,Mumbai
2026-03-22T00:00,27.6,64,10.1,0.0,0,0,Mumbai
2026-03-22T01:00,27.5,64,9.9,0.0,0,0,Mumbai
2026-03-22T02:00,27.5,63,10.8,0.0,0,0,Mumbai
2026-03-22T03:00,27.4,64,12.3,0.0,0,0,Mumbai
2026-03-22T04:00,27.2,65,14.3,0.0,0,0,Mumbai
2026-03-22T05:00,27.0,68,15.0,0.0,0,0,Mumbai
2026-03-22T06:00,26.9,67,15.5,0.0,12,1,Mumbai
2026-03-22T07:00,26.6,68,14.5,0.0,8,1,Mumbai
2026-03-22T08:00,26.6,66,12.6,0.0,0,0,Mumbai
2026-03-22T09:00,27.4,58,11.6,0.0,0,0,Mumbai
2026-03-22T10:00,28.5,53,10.4,0.0,0,0,Mumbai
2026-03-22T11:00,29.2,52,9.5,0.0,0,0,Mumbai
2026-03-22T12:00,28.9,60,11.5,0.0,0,0,Mumbai
2026-03-22T13:00,27.9,71,17.3,0.0,0,0,Mumbai
2026-03-22T14:00,28.1,69,18.6,0.0,6,0,Mumbai
2026-03-22T15:00,28.3,63,21.2,0.0,11,1,Mumbai
2026-03-22T16:00,28.3,63,21.5,0.0,0,0,Mumbai
2026-03-22T17:00,28.6,61,20.9,0.0,0,0,Mumbai
2026-03-22T18:00,28.8,60,18.7,0.0,0,0,Mumbai
2026-03-22T19:00,28.9,60,18.2,0.0,0,0,Mumbai
2026-03-22T20:00,29.0,61,17.9,0.0,0,0,Mumbai
2026-03-22T21:00,29.0,62,14.4,0.0,0,0,Mumbai
2026-03-22T22:00,28.9,63,12.0,0.0,0,0,Mumbai
2026-03-22T23:00,28.8,64,10.4,0.0,0,0,Mumbai
2026-03-23T00:00,28.7,64,11.8,0.0,41,1,Mumbai
2026-03-23T01:00,28.4,65,14.1,0.0,2,0,Mumbai
2026-03-23T02:00,28.1,67,14.5,0.0,19,1,Mumbai
2026-03-23T03:00,27.9,67,13.7,0.0,100,3,Mumbai
2026-03-23T04:00,27.8,68,13.5,0.0,26,1,Mumbai
2026-03-23T05:00,27.6,69,13.0,0.0,17,1,Mumbai
2026-03-23T06:00,27.6,67,12.6,0.0,68,2,Mumbai
2026-03-23T07:00,27.6,65,12.4,0.0,0,0,Mumbai
2026-03-23T08:00,27.7,63,12.5,0.0,63,2,Mumbai
2026-03-23T09:00,28.7,54,11.8,0.0,0,0,Mumbai
2026-03-23T10:00,29.7,53,11.2,0.0,0,0,Mumbai
2026-03-23T11:00,30.3,54,9.2,0.0,0,0,Mumbai
2026-03-23T12:00,29.8,62,10.2,0.0,0,0,Mumbai
2026-03-23T13:00,28.9,67,17.2,0.0,0,0,Mumbai
2026-03-23T14:00,28.6,67,19.1,0.0,0,0,Mumbai
2026-03-23T15:00,28.7,68,19.2,0.0,0,0,Mumbai
2026-03-23T16:00,28.9,65,19.2,0.0,0,0,Mumbai
2026-03-23T17:00,29.2,63,19.3,0.0,0,0,Mumbai
2026-03-23T18:00,29.2,64,19.2,0.0,0,0,Mumbai
2026-03-23T19:00,29.3,64,17.4,0.0,0,0,Mumbai
2026-03-23T20:00,29.4,64,14.7,0.0,0,0,Mumbai
2026-03-23T21:00,29.4,63,12.1,0.0,0,0,Mumbai
2026-03-23T22:00,29.3,64,9.6,0.0,0,0,Mumbai
2026-03-23T23:00,29.1,67,9.7,0.0,0,0,Mumbai
2026-03-24T00:00,28.8,69,10.3,0.0,2,0,Mumbai
2026-03-24T01:00,28.4,72,11.8,0.0,3,0,Mumbai
2026-03-24T02:00,28.1,75,12.9,0.0,5,0,Mumbai
2026-03-24T03:00,27.8,77,13.6,0.0,3,0,Mumbai
2026-03-24T04:00,27.6,79,13.8,0.0,2,0,Mumbai
2026-03-24T05:00,27.5,80,13.9,0.0,0,0,Mumbai
2026-03-24T06:00,27.5,78,13.0,0.0,3,1,Mumbai
2026-03-24T07:00,27.6,75,11.2,0.0,7,1,Mumbai
2026-03-24T08:00,27.8,72,9.7,0.0,10,1,Mumbai
2026-03-24T09:00,28.0,71,8.0,0.0,14,1,Mumbai
2026-03-24T10:00,28.4,70,7.1,0.0,17,1,Mumbai
2026-03-24T11:00,28.6,70,7.9,0.0,21,1,Mumbai
2026-03-24T12:00,28.6,72,9.7,0.0,17,1,Mumbai
2026-03-24T13:00,28.5,74,12.1,0.0,12,1,Mumbai
2026-03-24T14:00,28.4,75,13.9,0.0,8,1,Mumbai
2026-03-24T15:00,28.5,73,15.3,0.0,5,0,Mumbai
2026-03-24T16:00,28.7,70,15.9,0.0,3,0,Mumbai
2026-03-24T17:00,28.8,68,16.0,0.0,0,0,Mumbai
2026-03-24T18:00,28.8,67,14.3,0.0,1,0,Mumbai
2026-03-24T19:00,28.8,68,11.8,0.0,1,0,Mumbai
2026-03-24T20:00,28.8,68,9.5,0.0,2,0,Mumbai
2026-03-24T21:00,28.7,69,6.8,0.0,2,0,Mumbai
2026-03-24T22:00,28.6,70,4.4,0.0,2,0,Mumbai
2026-03-24T23:00,28.5,71,3.4,0.0,2,0,Mumbai
2026-03-25T00:00,28.5,72,5.0,0.0,22,2,Mumbai
2026-03-25T01:00,28.4,72,7.8,0.0,42,2,Mumbai
2026-03-25T02:00,28.4,73,9.5,0.0,62,2,Mumbai
2026-03-25T03:00,28.2,74,8.7,0.0,62,2,Mumbai
2026-03-25T04:00,28.0,75,6.6,0.0,62,2,Mumbai
2026-03-25T05:00,27.9,76,5.0,0.0,62,2,Mumbai
2026-03-25T06:00,27.8,76,4.2,0.0,64,2,Mumbai
2026-03-25T07:00,27.8,77,3.3,0.0,67,2,Mumbai
2026-03-25T08:00,27.9,77,3.3,0.0,69,2,Mumbai
2026-03-25T09:00,27.9,78,4.4,0.0,65,2,Mumbai
2026-03-25T10:00,28.0,79,6.0,0.0,62,2,Mumbai
2026-03-25T11:00,28.0,79,8.1,0.0,58,2,Mumbai
2026-03-25T12:00,28.1,78,11.0,0.0,40,0,Mumbai
2026-03-25T13:00,28.2,77,13.9,0.0,22,0,Mumbai
2026-03-25T14:00,28.2,77,16.0,0.0,4,0,Mumbai
2026-03-25T15:00,28.2,79,17.0,0.0,17,2,Mumbai
2026-03-25T16:00,28.1,81,16.7,0.0,31,2,Mumbai
2026-03-25T17:00,28.0,83,15.6,0.0,44,2,Mumbai
2026-03-25T18:00,28.0,83,12.9,0.0,38,1,Mumbai
2026-03-25T19:00,28.0,83,8.9,0.0,32,1,Mumbai
2026-03-25T20:00,28.0,83,5.9,0.0,26,1,Mumbai
2026-03-25T21:00,27.9,83,3.9,0.0,26,1,Mumbai
2026-03-25T22:00,27.8,84,3.3,0.0,25,1,Mumbai
2026-03-25T23:00,27.7,84,3.7,0.0,25,1,Mumbai
2026-03-26T00:00,27.6,84,3.4,0.0,28,1,Mumbai
2026-03-26T01:00,27.6,83,3.0,0.0,32,1,Mumbai
2026-03-26T02:00,27.5,83,2.6,0.0,35,1,Mumbai
2026-03-26T03:00,27.4,84,3.6,0.0,39,2,Mumbai
2026-03-26T04:00,27.2,86,5.0,0.0,43,2,Mumbai
2026-03-26T05:00,27.1,87,6.5,0.0,47,2,Mumbai
2026-03-26T06:00,27.0,87,7.7,0.0,52,2,Mumbai
2026-03-26T07:00,27.0,87,8.7,0.0,58,2,Mumbai
2026-03-26T08:00,27.1,86,9.4,0.0,63,2,Mumbai
2026-03-26T09:00,27.4,84,8.8,0.0,47,1,Mumbai
2026-03-26T10:00,27.8,82,8.0,0.0,30,1,Mumbai
2026-03-26T11:00,28.0,80,8.7,0.0,14,1,Mumbai
2026-03-26T12:00,28.0,80,11.7,0.0,9,0,Mumbai
2026-03-26T13:00,27.9,81,15.5,0.0,5,0,Mumbai
2026-03-26T14:00,27.8,81,18.4,0.0,0,0,Mumbai
2026-03-26T15:00,27.9,79,19.9,0.0,0,0,Mumbai
2026-03-26T16:00,28.1,77,20.1,0.0,0,0,Mumbai
2026-03-26T17:00,28.2,75,19.1,0.0,0,0,Mumbai
2026-03-26T18:00,28.4,73,16.0,0.0,0,0,Mumbai
2026-03-26T19:00,28.5,72,11.6,0.0,0,0,Mumbai
2026-03-26T20:00,28.6,72,8.7,0.0,0,0,Mumbai
2026-03-26T21:00,28.5,73,7.8,0.0,0,0,Mumbai
2026-03-26T22:00,28.4,75,8.0,0.0,0,0,Mumbai
2026-03-26T23:00,28.3,77,8.7,0.0,0,0,Mumbai
2026-03-20T00:00,18.4,86,4.6,0.0,100,3,Delhi
2026-03-20T01:00,18.3,87,4.0,0.0,100,3,Delhi
2026-03-20T02:00,18.2,87,3.6,0.0,100,3,Delhi
2026-03-20T03:00,17.9,88,5.2,0.0,98,3,Delhi
2026-03-20T04:00,17.6,89,4.4,0.0,100,3,Delhi
2026-03-20T05:00,17.4,88,5.2,0.0,100,3,Delhi
2026-03-20T06:00,17.1,92,4.5,0.9,100,61,Delhi
2026-03-20T07:00,17.1,93,2.6,2.4,100,61,Delhi
2026-03-20T08:00,17.3,92,7.2,3.0,100,63,Delhi
2026-03-20T09:00,17.8,90,6.4,0.7,100,61,Delhi
2026-03-20T10:00,18.6,84,4.4,0.0,100,3,Delhi
2026-03-20T11:00,19.0,81,5.1,0.0,100,3,Delhi
2026-03-20T12:00,19.8,74,3.7,0.0,100,3,Delhi
2026-03-20T13:00,19.5,75,3.8,0.1,100,3,Delhi
2026-03-20T14:00,19.6,75,4.8,0.2,100,80,Delhi
2026-03-20T15:00,19.4,76,5.2,0.3,99,80,Delhi
2026-03-20T16:00,18.9,80,6.8,0.5,100,80,Delhi
2026-03-20T17:00,20.0,75,5.1,0.2,100,61,Delhi
2026-03-20T18:00,19.6,75,5.5,0.0,100,3,Delhi
2026-03-20T19:00,18.9,81,4.4,0.0,100,3,Delhi
2026-03-20T20:00,18.3,86,4.4,0.0,38,1,Delhi
2026-03-20T21:00,17.7,90,3.4,0.0,7,1,Delhi
2026-03-20T22:00,17.2,92,2.5,0.0,0,0,Delhi
2026-03-20T23:00,16.8,94,1.6,0.0,9,1,Delhi
2026-03-21T00:00,16.3,97,2.5,0.0,23,45,Delhi
2026-03-21T01:00,15.9,98,2.3,0.0,44,45,Delhi
2026-03-21T02:00,15.6,100,2.7,0.0,66,45,Delhi
2026-03-21T03:00,15.4,100,3.1,0.0,83,45,Delhi
2026-03-21T04:00,15.2,100,4.8,0.0,88,3,Delhi
2026-03-21T05:00,15.0,100,5.1,0.0,98,3,Delhi
2026-03-21T06:00,14.9,100,4.1,0.0,93,45,Delhi
2026-03-21T07:00,15.2,97,3.6,0.0,82,45,Delhi
2026-03-21T08:00,16.1,92,4.0,0.0,79,45,Delhi
2026-03-21T09:00,18.2,82,4.7,0.0,53,2,Delhi
2026-03-21T10:00,20.3,73,5.8,0.0,44,1,Delhi
2026-03-21T11:00,22.5,62,6.8,0.0,30,1,Delhi
2026-03-21T12:00,24.1,53,7.6,0.0,100,3,Delhi
2026-03-21T13:00,25.2,47,8.2,0.0,72,2,Delhi
2026-03-21T14:00,25.7,44,9.4,0.0,31,1,Delhi
2026-03-21T15:00,25.9,45,9.8,0.0,23,1,Delhi
2026-03-21T16:00,25.8,45,9.5,0.0,0,0,Delhi
2026-03-21T17:00,25.1,48,8.5,0.0,0,0,Delhi
2026-03-21T18:00,23.6,57,4.9,0.0,5,0,Delhi
2026-03-21T19:00,22.1,65,3.8,0.0,8,1,Delhi
2026-03-21T20:00,21.2,68,4.1,0.0,73,2,Delhi
2026-03-21T21:00,20.4,71,4.1,0.0,44,2,Delhi
2026-03-21T22:00,19.7,74,4.4,0.0,100,3,Delhi
2026-03-21T23:00,19.4,76,3.8,0.0,100,3,Delhi
2026-03-22T00:00,19.1,77,3.5,0.0,100,3,Delhi
2026-03-22T01:00,18.9,78,3.1,0.0,100,3,Delhi
2026-03-22T02:00,18.5,81,3.2,0.0,100,3,Delhi
2026-03-22T03:00,18.3,82,3.4,0.0,100,3,Delhi
2026-03-22T04:00,18.2,82,3.3,0.0,57,2,Delhi
2026-03-22T05:00,17.9,84,3.1,0.0,83,3,Delhi
2026-03-22T06:00,17.8,84,3.0,0.0,93,3,Delhi
2026-03-22T07:00,18.2,83,2.9,0.0,65,2,Delhi
2026-03-22T08:00,19.8,73,3.3,0.0,61,2,Delhi
2026-03-22T09:00,21.7,65,4.0,0.0,54,2,Delhi
2026-03-22T10:00,23.6,57,4.7,0.0,66,2,Delhi
2026-03-22T11:00,25.2,52,6.4,0.0,59,2,Delhi
2026-03-22T12:00,25.8,51,8.1,0.0,100,3,Delhi
2026-03-22T13:00,26.8,49,8.1,0.0,32,1,Delhi
2026-03-22T14:00,27.1,47,8.7,0.0,100,3,Delhi
2026-03-22T15:00,27.4,45,8.4,0.0,100,3,Delhi
2026-03-22T16:00,27.2,45,7.5,0.0,100,3,Delhi
2026-03-22T17:00,26.6,46,6.1,0.0,32,1,Delhi
2026-03-22T18:00,24.9,55,3.8,0.0,0,0,Delhi
2026-03-22T19:00,23.6,61,3.7,0.0,0,0,Delhi
2026-03-22T20:00,22.7,65,3.6,0.0,9,1,Delhi
2026-03-22T21:00,22.2,66,3.4,0.0,5,0,Delhi
2026-03-22T22:00,21.6,68,3.4,0.0,28,1,Delhi
2026-03-22T23:00,20.9,71,3.3,0.0,100,3,Delhi
2026-03-23T00:00,20.3,73,3.2,0.0,100,3,Delhi
2026-03-23T01:00,20.2,72,2.1,0.0,100,3,Delhi
2026-03-23T02:00,20.0,72,2.0,0.0,55,2,Delhi
2026-03-23T03:00,19.9,71,3.8,0.0,85,3,Delhi
2026-03-23T04:00,19.9,72,1.5,0.0,69,2,Delhi
2026-03-23T05:00,19.0,78,4.7,0.1,93,3,Delhi
2026-03-23T06:00,18.4,81,8.7,0.3,100,80,Delhi
2026-03-23T07:00,18.5,82,5.8,0.1,66,2,Delhi
2026-03-23T08:00,19.8,78,4.0,0.0,57,2,Delhi
2026-03-23T09:00,22.1,69,5.2,0.0,51,2,Delhi
2026-03-23T10:00,24.1,61,4.6,0.0,52,2,Delhi
2026-03-23T11:00,25.9,54,6.1,0.0,30,1,Delhi
2026-03-23T12:00,27.3,49,6.5,0.0,3,0,Delhi
2026-03-23T13:00,27.4,48,8.4,0.1,67,2,Delhi
2026-03-23T14:00,27.7,46,8.1,0.0,45,2,Delhi
2026-03-23T15:00,27.9,46,7.2,0.0,28,1,Delhi
2026-03-23T16:00,27.8,46,7.3,0.0,60,2,Delhi
2026-03-23T17:00,27.1,49,6.5,0.0,24,1,Delhi
2026-03-23T18:00,25.6,59,4.2,0.0,5,0,Delhi
2026-03-23T19:00,24.4,65,3.1,0.0,27,1,Delhi
2026-03-23T20:00,24.0,66,2.6,0.0,34,1,Delhi
2026-03-23T21:00,23.6,66,2.9,0.0,43,1,Delhi
2026-03-23T22:00,22.7,69,3.8,0.0,43,1,Delhi
2026-03-23T23:00,21.7,75,3.1,0.0,44,1,Delhi
2026-03-24T00:00,21.1,77,3.1,0.0,31,0,Delhi
2026-03-24T01:00,20.5,79,2.7,0.0,19,0,Delhi
2026-03-24T02:00,20.0,81,3.0,0.0,6,0,Delhi
2026-03-24T03:00,19.3,84,3.3,0.0,6,0,Delhi
2026-03-24T04:00,18.7,86,3.6,0.0,6,0,Delhi
2026-03-24T05:00,18.5,87,4.0,0.0,6,0,Delhi
2026-03-24T06:00,18.9,85,4.0,0.0,4,0,Delhi
2026-03-24T07:00,19.8,82,3.6,0.0,2,0,Delhi
2026-03-24T08:00,21.1,76,4.1,0.0,0,0,Delhi
2026-03-24T09:00,23.2,67,5.5,0.0,0,0,Delhi
2026-03-24T10:00,25.7,56,7.2,0.0,0,0,Delhi
2026-03-24T11:00,27.7,47,8.7,0.0,0,0,Delhi
2026-03-24T12:00,28.7,42,8.9,0.0,14,1,Delhi
2026-03-24T13:00,29.2,39,8.8,0.0,28,1,Delhi
2026-03-24T14:00,29.3,37,8.5,0.0,42,1,Delhi
2026-03-24T15:00,29.2,37,8.0,0.0,44,2,Delhi
2026-03-24T16:00,28.8,38,7.3,0.0,47,2,Delhi
2026-03-24T17:00,28.0,41,6.6,0.0,49,2,Delhi
2026-03-24T18:00,26.7,47,5.6,0.0,36,1,Delhi
2026-03-24T19:00,25.0,55,4.7,0.0,24,1,Delhi
2026-03-24T20:00,23.6,62,4.1,0.0,11,1,Delhi
2026-03-24T21:00,22.7,65,4.0,0.0,41,3,Delhi
2026-03-24T22:00,22.1,67,3.8,0.0,70,3,Delhi
2026-03-24T23:00,21.6,68,3.9,0.0,100,3,Delhi
2026-03-25T00:00,21.2,69,2.9,0.0,85,2,Delhi
2026-03-25T01:00,20.9,70,2.4,0.0,69,2,Delhi
2026-03-25T02:00,20.6,71,2.8,0.0,54,2,Delhi
2026-03-25T03:00,20.1,73,2.8,0.0,63,3,Delhi
2026-03-25T04:00,19.6,74,3.1,0.0,73,3,Delhi
2026-03-25T05:00,19.5,75,3.3,0.0,82,3,Delhi
2026-03-25T06:00,19.8,75,3.2,0.0,66,1,Delhi
2026-03-25T07:00,20.4,73,3.0,0.0,49,1,Delhi
2026-03-25T08:00,21.6,69,3.3,0.0,33,1,Delhi
2026-03-25T09:00,23.7,61,4.3,0.0,28,1,Delhi
2026-03-25T10:00,26.3,50,5.8,0.0,23,1,Delhi
2026-03-25T11:00,28.5,42,6.9,0.0,18,1,Delhi
2026-03-25T12:00,29.7,38,8.1,0.0,23,1,Delhi
2026-03-25T13:00,30.5,36,9.1,0.0,29,1,Delhi
2026-03-25T14:00,30.9,36,9.7,0.0,34,1,Delhi
2026-03-25T15:00,30.8,36,8.9,0.0,23,0,Delhi
2026-03-25T16:00,30.4,37,7.8,0.0,11,0,Delhi
2026-03-25T17:00,29.6,40,6.6,0.0,0,0,Delhi
2026-03-25T18:00,28.1,46,5.9,0.0,0,0,Delhi
2026-03-25T19:00,26.3,55,5.1,0.0,0,0,Delhi
2026-03-25T20:00,24.9,61,4.4,0.0,0,0,Delhi
2026-03-25T21:00,24.1,63,3.9,0.0,1,0,Delhi
2026-03-25T22:00,23.8,62,3.7,0.0,2,0,Delhi
2026-03-25T23:00,23.3,62,3.2,0.0,3,0,Delhi
2026-03-26T00:00,22.6,64,3.2,0.0,26,2,Delhi
2026-03-26T01:00,21.8,68,3.2,0.0,50,2,Delhi
2026-03-26T02:00,21.1,71,3.1,0.0,73,2,Delhi
2026-03-26T03:00,20.4,74,3.1,0.0,64,2,Delhi
2026-03-26T04:00,19.8,77,3.3,0.0,55,2,Delhi
2026-03-26T05:00,19.6,78,3.6,0.0,46,2,Delhi
2026-03-26T06:00,19.8,78,3.7,0.0,64,3,Delhi
2026-03-26T07:00,20.4,77,3.3,0.0,81,3,Delhi
2026-03-26T08:00,21.6,73,3.2,0.0,99,3,Delhi
2026-03-26T09:00,23.7,65,4.5,0.0,90,2,Delhi
2026-03-26T10:00,26.4,55,5.8,0.0,82,2,Delhi
2026-03-26T11:00,28.7,46,6.9,0.0,73,2,Delhi
2026-03-26T12:00,30.3,40,7.2,0.0,64,2,Delhi
2026-03-26T13:00,31.4,36,6.9,0.0,56,2,Delhi
2026-03-26T14:00,32.0,34,6.5,0.0,47,2,Delhi
2026-03-26T15:00,32.0,34,5.8,0.0,31,0,Delhi
2026-03-26T16:00,31.4,37,5.1,0.0,16,0,Delhi
2026-03-26T17:00,30.6,40,4.3,0.0,0,0,Delhi
2026-03-26T18:00,29.4,45,3.4,0.0,23,2,Delhi
2026-03-26T19:00,28.0,51,2.9,0.0,46,2,Delhi
2026-03-26T20:00,26.7,56,2.3,0.0,69,2,Delhi
2026-03-26T21:00,25.7,59,2.5,0.0,79,3,Delhi
2026-03-26T22:00,24.9,61,3.8,0.0,90,3,Delhi
2026-03-26T23:00,24.1,63,4.7,0.0,100,3,Delhi
